[
  {
    "id": "ceafff88-dae9-438f-b4fd-cf5099fa70e1",
    "data": [
      {
        "text": "Donne ",
        "userDefined": false
      },
      {
        "text": "moi la dernière",
        "meta": "@sys.ignore",
        "userDefined": false
      },
      {
        "text": " promotion",
        "userDefined": false
      }
    ],
    "isTemplate": false,
    "count": 0
  },
  {
    "id": "fd81ae6f-8c40-4bb9-9347-2e87ea1effc4",
    "data": [
      {
        "text": "Donne ",
        "userDefined": false
      },
      {
        "text": "moi le dernier",
        "meta": "@sys.ignore",
        "userDefined": false
      },
      {
        "text": " deal",
        "userDefined": false
      }
    ],
    "isTemplate": false,
    "count": 0
  },
  {
    "id": "899e6000-052f-4ff7-86c1-285ec7b2cc98",
    "data": [
      {
        "text": "Donne moi la ",
        "userDefined": false
      },
      {
        "text": "dernière",
        "meta": "@sys.ignore",
        "userDefined": true
      },
      {
        "text": " promo",
        "userDefined": false
      }
    ],
    "isTemplate": false,
    "count": 0
  },
  {
    "id": "85c05cd3-552e-4f42-9a16-b5afcd9e148f",
    "data": [
      {
        "text": "Donne ",
        "userDefined": false
      },
      {
        "text": "moi",
        "meta": "@sys.ignore",
        "userDefined": false
      },
      {
        "text": " les ",
        "userDefined": false
      },
      {
        "text": "5",
        "alias": "number",
        "meta": "@sys.number",
        "userDefined": false
      },
      {
        "text": " dernières promos",
        "userDefined": false
      }
    ],
    "isTemplate": false,
    "count": 0
  },
  {
    "id": "84c3680a-6ad3-4519-8819-e851f05de779",
    "data": [
      {
        "text": "Donne ",
        "userDefined": false
      },
      {
        "text": "moi",
        "meta": "@sys.ignore",
        "userDefined": false
      },
      {
        "text": " les ",
        "userDefined": false
      },
      {
        "text": "5",
        "alias": "number",
        "meta": "@sys.number",
        "userDefined": false
      },
      {
        "text": " dernières promotions",
        "userDefined": false
      }
    ],
    "isTemplate": false,
    "count": 0
  },
  {
    "id": "cc668334-2be6-45c5-a9ed-c9f90fc70f28",
    "data": [
      {
        "text": "Donne ",
        "userDefined": false
      },
      {
        "text": "moi",
        "meta": "@sys.ignore",
        "userDefined": false
      },
      {
        "text": " les ",
        "userDefined": false
      },
      {
        "text": "5",
        "alias": "number",
        "meta": "@sys.number",
        "userDefined": false
      },
      {
        "text": " derniers deals",
        "userDefined": false
      }
    ],
    "isTemplate": false,
    "count": 0
  }
]